listing_id,date,num_reviews,reviewers
24151,2025-07-01,1,175316893
24151,2025-06-01,1,103677600
24151,2025-05-01,2,"315887338,18030509"
24151,2025-04-01,1,167237619
151020,2025-09-01,3,"164742336,39100283,12640804"
151020,2025-08-01,4,"495630738,445240894,54488308,22937370"
151020,2025-02-01,1,85971617
547346,2025-07-01,4,"584192715,477423490,12812276,38289307"
547346,2025-05-01,1,8618230
547346,2025-04-01,1,34529986
75708,2025-03-01,1,49441706
75708,2025-10-01,2,"41696581,587246645"
75708,2025-06-01,1,32406678
75708,2025-05-01,1,531032643
75708,2025-12-01,2,"28208840,593560633"
301233,2025-11-01,1,40193760
301233,2025-06-01,1,15032909
301233,2025-03-01,1,47476748
308572,2025-03-01,1,104951859
308572,2025-06-01,1,554023231
518742,2025-04-01,1,87796454
518742,2025-02-01,2,"277461013,156771139"
333104,2025-07-01,1,13359300
87481,2025-10-01,1,476726662
87481,2025-06-01,1,178431680
87481,2025-05-01,1,587279728
285786,2025-04-01,1,20188221
378897,2025-10-01,1,233851776
378897,2025-09-01,1,441294846
378897,2025-06-01,1,15711612
378897,2025-03-01,1,29042407
233110,2025-11-01,1,25698840
233110,2025-03-01,2,"590423331,430100760"
233110,2025-10-01,2,"144678358,8085172"
233110,2025-06-01,2,"580603256,25646590"
233110,2025-02-01,1,68323069
233110,2025-05-01,2,"538149038,240413497"
233110,2025-08-01,2,"120617169,9374641"
233110,2025-04-01,3,"287989523,177562505,191083902"
468471,2025-11-01,1,71495218
468471,2025-10-01,1,21752736
468471,2025-09-01,2,"372669516,302554391"
468471,2025-06-01,2,"59479945,24174087"
468471,2025-05-01,1,3575944
468471,2025-04-01,2,"57640072,23951620"
468471,2025-03-01,1,147206013
168652,2025-10-01,1,90557198
168652,2025-06-01,2,"87777510,58215174"
168652,2025-04-01,1,585769984
568394,2025-09-01,3,"3311504,14147144,180265620"
568394,2025-06-01,2,"152813361,870385"
41106,2025-09-01,1,135240309
41106,2025-10-01,3,"105439562,86279010,1812541"
41106,2025-04-01,1,218434323
77482,2025-09-01,1,6595589
77482,2025-05-01,1,258239358
77482,2025-03-01,1,312949483
77482,2025-04-01,1,59027169
77482,2025-02-01,1,89207452
343721,2025-09-01,1,204316013
343721,2025-05-01,1,17366246
343721,2025-08-01,1,23108438
343721,2025-04-01,3,"169138613,7546258,196181721"
352851,2025-03-01,1,11391315
352851,2025-02-01,2,"131946324,572680726"
154292,2025-11-01,1,454332476
154292,2025-07-01,1,65258687
154292,2026-01-01,1,16447732
154292,2025-06-01,3,"48848264,161039820,527230674"
154292,2025-12-01,3,"726027606,151880078,54822743"
31435,2025-11-01,1,124510831
31435,2025-09-01,2,"462662681,701680578"
31435,2025-05-01,1,137535443
31435,2025-03-01,2,"542498972,171286155"
31435,2025-12-01,1,549090911
31435,2025-10-01,2,"62968021,495000064"
31435,2025-08-01,2,"473613502,650395074"
31435,2025-04-01,3,"653481567,58489382,126466329"
31435,2025-02-01,1,595771139
371862,2025-08-01,1,7352531
371862,2025-05-01,1,9930888
371862,2025-04-01,1,452250513
39948,2025-11-01,1,25720740
39948,2025-05-01,2,"172495858,514795101"
39948,2025-03-01,2,"19307868,207563535"
39948,2025-10-01,2,"538924598,937516"
39948,2025-06-01,1,81873535
39948,2025-02-01,2,"346662370,58027205"
325333,2025-08-01,3,"52048098,131140624,510314851"
195564,2025-09-01,1,713871687
195564,2025-10-01,1,567011135
195564,2025-11-01,4,"715982021,4483801,261487100,239572160"
312437,2025-03-01,1,2731638
312437,2025-10-01,1,165647249
312437,2025-05-01,1,3539043
312437,2025-08-01,1,119112401
189378,2025-11-01,2,"113252025,243428408"
189378,2025-07-01,2,"230507154,181123133"
189378,2025-03-01,1,2586198
189378,2025-10-01,1,517859
189378,2025-06-01,2,"41464,274516793"
189378,2025-02-01,1,66275905
189378,2025-05-01,2,"38297562,59771700"
189378,2025-12-01,1,345693656
449093,2025-11-01,2,"363795065,1171804"
449093,2025-09-01,3,"177810498,50366242,65978465"
449093,2025-07-01,1,526267592
449093,2025-05-01,2,"17809847,104265114"
449093,2025-03-01,1,1329429
449093,2025-12-01,2,"24233754,193349"
449093,2025-10-01,2,"311188034,376642899"
449093,2025-08-01,1,119722750
449093,2025-06-01,3,"24841920,170043104,41966590"
449093,2025-04-01,2,"79119449,2286514"
546099,2025-07-01,2,"466741477,103234799"
546099,2025-05-01,1,8980777
546099,2025-08-01,2,"252351111,140749455"
546099,2025-06-01,3,"81904925,188046391,656895910"
110322,2025-07-01,1,34451045
110322,2025-06-01,1,225950453
307154,2025-11-01,1,61699972
307154,2025-09-01,3,"8837902,33125036,206935119"
307154,2025-05-01,2,"52236000,25545034"
307154,2026-01-01,1,29350973
307154,2025-02-01,1,19562606
307154,2025-10-01,2,"2069432,1317022"
495927,2025-07-01,1,7016438
495927,2025-06-01,2,"44804381,682106878"
495927,2025-04-01,1,33904841
495927,2025-03-01,1,353175272
391189,2025-11-01,3,"378009401,435545771,543751061"
391189,2025-07-01,2,"473823377,56013144"
391189,2025-03-01,3,"360885771,311695164,360840936"
391189,2025-10-01,3,"212973283,536188224,679598897"
391189,2025-06-01,3,"34828354,125369077,464696169"
391189,2025-09-01,5,"711857887,499157929,359608503,676535402,151471749"
391189,2025-05-01,2,"235569473,25687212"
391189,2025-12-01,1,32936433
391189,2025-08-01,1,387081105
391189,2025-04-01,3,"435752878,14163429,212156019"
574232,2025-07-01,1,16267672
574232,2025-06-01,1,202413043
232437,2025-07-01,3,"13251275,118217677,289924356"
232437,2025-12-01,1,52701186
109161,2025-06-01,1,568316513
109161,2025-09-01,1,245975648
109161,2025-05-01,1,1795041
215763,2025-09-01,2,"22603206,242972808"
215763,2025-07-01,3,"24634598,540048921,424239348"
215763,2025-05-01,2,"190231911,96268191"
215763,2025-03-01,1,598345583
215763,2025-08-01,1,132759460
215763,2025-06-01,2,"166637049,52986844"
215763,2025-04-01,1,530167020
312477,2025-09-01,1,154361532
312477,2026-01-01,1,207462486
35065,2025-11-01,2,"287282279,127105168"
35065,2025-07-01,6,"201213378,480480131,62508360,5242619,380629654,120438446"
35065,2025-10-01,2,"90191968,168562455"
35065,2025-06-01,5,"96124786,392487638,81492514,19725640,13206687"
35065,2025-02-01,4,"18372484,525108850,77617355,174942736"
35065,2025-05-01,5,"33929226,212433817,171978371,37200603,75797383"
35065,2025-09-01,5,"67101212,2486852,520617977,23427890,40217915"
35065,2026-01-01,1,1854442
35065,2025-12-01,2,"421643867,470577829"
35065,2025-08-01,4,"63557670,189256807,197805076,67780953"
35065,2025-04-01,2,"77445125,253922524"
436622,2025-05-01,1,545450472
436622,2025-06-01,1,532153723
436622,2025-02-01,1,575056014
165409,2025-09-01,3,"187475286,2959999,124982591"
165409,2025-07-01,1,3130889
165409,2025-03-01,2,"150414051,504236345"
165409,2025-06-01,1,55132565
165409,2025-04-01,1,488781739
390984,2025-11-01,5,"109253910,63868052,119717493,693129760,401618795"
390984,2025-07-01,5,"34438345,150029525,18420608,31611589,140803734"
390984,2025-03-01,4,"21309578,58308566,53365603,22886689"
390984,2025-10-01,5,"183796960,69879398,344994569,29937386,151118698"
390984,2025-06-01,3,"66128163,232853370,49968329"
390984,2025-02-01,4,"420151877,81930876,36029051,94276988"
390984,2025-09-01,7,"526828674,100716698,594614077,12760045,89634589,659163010,14943693"
390984,2025-05-01,7,"126954917,346679931,90462575,177581324,3949983,408009549,63865194"
390984,2025-12-01,5,"3494371,486783,707610502,50679239,18816053"
390984,2025-08-01,3,"173167688,110221924,119280131"
390984,2025-04-01,3,"87592160,161862781,657733146"
429194,2025-07-01,1,453299227
429194,2025-10-01,2,"53163811,1234038"
429194,2025-06-01,1,78325646
429194,2025-08-01,1,168765808
468441,2025-07-01,2,"52283952,32798453"
468441,2025-05-01,2,"13097706,442158508"
468441,2025-08-01,1,42375280
468441,2025-06-01,2,"44378400,702285019"
468441,2025-02-01,1,64110927
153674,2025-08-01,1,433062272
153674,2025-04-01,1,9077040
344258,2025-06-01,1,351534140
524805,2025-07-01,2,"396591591,114126936"
524805,2025-08-01,3,"510400486,22694435,235853519"
162751,2025-06-01,2,"113019615,283612076"
162751,2025-05-01,2,"6938920,505479971"
162751,2025-04-01,3,"39699925,449030004,52889477"
162751,2025-03-01,1,389612977
162751,2025-02-01,2,"90415490,75261484"
46666,2025-09-01,1,278153367
46666,2025-06-01,2,"2946752,166544125"
46666,2025-05-01,2,"113476605,268638215"
46666,2025-04-01,2,"91533624,279367581"
56662,2025-11-01,1,111439425
56662,2025-09-01,2,"652851871,27065266"
56662,2025-05-01,2,"421461016,253063057"
56662,2025-03-01,1,215054045
56662,2025-12-01,2,"13378136,90300113"
56662,2025-10-01,1,23564790
56662,2025-08-01,1,35443817
56662,2025-06-01,1,119024563
59970,2025-12-01,1,210491066
59970,2025-11-01,1,27695873
59970,2025-10-01,3,"705495780,69250083,466751553"
70586,2025-07-01,1,167830204
70586,2025-02-01,2,"109442100,173134080"
70586,2025-06-01,2,"479632645,357523836"
70586,2025-10-01,2,"1634175,529310275"
70586,2025-05-01,2,"5310372,451005438"
70586,2025-09-01,1,82853502
70586,2026-01-01,1,10685886
70586,2025-04-01,1,681169130
70586,2025-08-01,1,499833219
524696,2025-08-01,1,410142277
524696,2025-06-01,1,29245234
84820,2025-07-01,3,"114250850,257303390,16064794"
503231,2025-11-01,1,155781385
503231,2025-07-01,1,469197624
503231,2025-06-01,1,695863414
503231,2025-02-01,1,36361585
503231,2025-09-01,1,684390098
503231,2025-05-01,1,334655087
270067,2025-07-01,1,208871202
270067,2025-04-01,1,188431070
497746,2025-08-01,5,"16242609,174168626,129636026,484156,361020030"
497746,2025-07-01,1,302416199
497746,2025-06-01,1,168168107
497746,2025-04-01,1,671193953
497746,2025-03-01,1,562218561
348747,2025-07-01,1,427177985
348747,2025-10-01,1,460822566
348747,2025-05-01,2,"38381716,77278068"
348747,2026-01-01,1,48983567
348747,2025-08-01,2,"46911406,25910458"
167998,2025-07-01,3,"245928067,653718260,405557647"
167998,2025-02-01,1,106758776
167998,2025-06-01,1,28104962
167998,2025-09-01,1,387971866
167998,2025-05-01,1,85234569
167998,2025-12-01,1,92618151
167998,2025-08-01,1,126432435
167998,2025-04-01,2,"96224879,16626328"
418974,2025-10-01,1,716168018
418974,2025-09-01,1,716126094
418974,2025-06-01,3,"20444610,239033564,699496093"
418974,2025-05-01,1,19621306
418974,2025-02-01,1,67738258
54377,2025-05-01,1,1535074
54377,2025-06-01,2,"90966992,526010096"
240484,2025-08-01,1,190860198
463726,2025-05-01,2,"63616213,135354682"
463726,2025-03-01,1,831549
463726,2025-10-01,1,60067587
463726,2025-06-01,2,"12315855,1149931"
463726,2025-04-01,4,"236969729,18170730,143199209,679284895"
455235,2025-07-01,1,136641933
455235,2025-08-01,1,338379848
22158,2025-09-01,1,57980323
22158,2025-07-01,1,431220027
22158,2025-05-01,1,33385357
22158,2025-12-01,1,209964542
22158,2025-10-01,1,15964195
22158,2025-06-01,4,"63020933,44299011,94824709,372639461"
22158,2025-04-01,2,"38792643,141400795"
302727,2025-06-01,2,"38827935,336722250"
61259,2025-03-01,1,36530598
61259,2025-10-01,3,"540751843,101438322,195838834"
61259,2025-06-01,2,"8596097,38789939"
61259,2025-09-01,1,142600369
61259,2025-05-01,1,192820267
61259,2025-12-01,1,12089104
61259,2025-04-01,1,8051726
587868,2025-05-01,3,"917643,22584392,103757385"
587868,2025-10-01,1,130990806
587868,2025-06-01,3,"47017759,92422990,404373246"
587868,2025-02-01,1,506345771
505610,2025-09-01,1,96836219
505610,2025-04-01,1,63256954
39666,2025-07-01,1,22873084
419757,2025-11-01,1,130821052
419757,2025-07-01,1,154687924
419757,2025-12-01,1,126404441
419757,2025-10-01,1,140181032
419757,2025-08-01,2,"670466951,195811905"
419757,2025-04-01,2,"101920866,599376898"
537443,2025-07-01,2,"114924810,136130519"
537443,2025-09-01,1,64346404
537443,2025-11-01,1,23539600
537443,2025-10-01,1,712566595
537443,2025-08-01,1,228629911
314288,2025-11-01,1,102640863
314288,2025-07-01,4,"493099490,32743518,1179175,9266336"
314288,2025-03-01,1,51602777
314288,2025-10-01,4,"377775924,48684965,177496975,103946190"
314288,2025-06-01,2,"14530339,40981068"
314288,2025-02-01,1,409926070
314288,2025-09-01,2,"690389743,28189991"
314288,2025-04-01,2,"59136043,13510365"
552628,2025-03-01,3,"683194452,449739307,509071514"
552628,2025-06-01,1,42371246
552628,2025-09-01,3,"696625555,455970025,132436188"
552628,2025-05-01,1,4951107
552628,2025-12-01,1,43820046
22979,2025-03-01,1,500085436
22979,2025-10-01,1,36009939
22979,2025-02-01,1,350055466
22979,2025-05-01,4,"16682811,283196822,58270350,696006400"
22979,2025-12-01,1,729131251
22979,2025-04-01,3,"515502289,139278367,127442531"
93287,2025-07-01,1,192359259
93287,2025-03-01,1,102818580
93287,2025-05-01,2,"22927111,77986759"
93287,2025-04-01,2,"90349452,487896488"
396057,2025-03-01,1,654728922
29853,2025-06-01,1,38294496
560544,2025-11-01,1,13759400
560544,2025-07-01,1,203527497
291235,2025-07-01,1,397714167
291235,2025-04-01,1,241482037
38650,2025-10-01,1,225026522
38650,2025-06-01,2,"191419389,551258355"
466434,2025-09-01,1,103216687
466434,2025-07-01,2,"37725637,123551714"
466434,2025-05-01,1,366466846
466434,2025-03-01,1,124552411
466434,2025-06-01,1,2829436
466434,2025-04-01,1,110506155
575108,2026-01-01,1,41049443
575108,2025-12-01,1,2301672
575108,2025-10-01,2,"195074647,68497452"
575108,2025-08-01,2,"68517090,19272410"
575108,2025-07-01,2,"51529728,39826410"
575108,2025-04-01,3,"16666996,20661466,34073798"
586642,2025-06-01,1,441777123
470270,2025-07-01,1,193198776
561619,2025-12-01,1,729871125
561619,2025-11-01,4,"3624330,118382013,78220528,167800516"
561619,2025-10-01,7,"58013692,107595,313364697,307880249,53272882,1576850,292325232"
561619,2025-09-01,2,"211673217,33089632"
561619,2025-07-01,2,"37760184,581934384"
561619,2025-06-01,2,"83446264,36966148"
561619,2025-05-01,1,41886754
298548,2025-07-01,1,175690222
298548,2025-04-01,2,"24766436,71843974"
69588,2025-03-01,3,"519662153,2534062,157918747"
69588,2025-06-01,1,20193633
69588,2025-05-01,3,"652998848,597167286,186739332"
69588,2025-04-01,1,191251997
529711,2025-10-01,1,165483999
529711,2025-09-01,1,178975292
529711,2025-07-01,1,92574427
529711,2025-06-01,1,40530068
529711,2025-05-01,1,21741131
529711,2025-04-01,3,"5743376,64036440,428097710"
529711,2025-03-01,2,"140798606,60586838"
74561,2025-12-01,1,20250080
74561,2025-10-01,1,30109272
74561,2025-07-01,1,74118075
74561,2025-04-01,1,237714766
74561,2025-03-01,1,42202690
486547,2025-11-01,3,"426349717,236257732,101156142"
486547,2025-07-01,3,"53311899,121080657,64494000"
486547,2025-03-01,5,"10515564,5014340,168333400,189953960,50554988"
486547,2025-10-01,3,"476348357,149407034,203305061"
486547,2025-06-01,2,"673760503,450281970"
486547,2025-02-01,2,"461322414,578640900"
486547,2025-09-01,3,"679437206,218669626,103263891"
486547,2025-05-01,2,"87365536,653480398"
486547,2026-01-01,2,"73467559,142698610"
486547,2025-12-01,1,393594651
486547,2025-08-01,5,"86203319,689994634,49401590,5805593,153919603"
486547,2025-04-01,2,"301979442,17138556"
16626,2026-01-01,1,547568248
16626,2025-11-01,3,"141347064,27871136,7600530"
16626,2025-09-01,2,"179184384,137483835"
16626,2025-07-01,3,"371488105,55191765,691963982"
16626,2025-03-01,2,"246192892,91015841"
16626,2025-12-01,2,"22386634,26807513"
16626,2025-10-01,2,"130569747,41264628"
16626,2025-02-01,1,117978354
16626,2025-08-01,1,286823348
562783,2025-07-01,3,"651205021,13487258,168097011"
562783,2025-05-01,1,394865834
562783,2025-10-01,2,"28071590,35958849"
562783,2025-08-01,1,17217733
562783,2025-06-01,2,"199310317,550553831"
562783,2025-04-01,1,94102346
43055,2025-11-01,1,24199479
43055,2025-09-01,1,503887884
43055,2025-07-01,2,"503358900,392141602"
43055,2025-05-01,2,"36986301,36139820"
43055,2025-03-01,1,95492125
43055,2025-10-01,2,"135229808,718264275"
43055,2025-06-01,3,"61898778,65128141,410698217"
43055,2025-04-01,1,528732976
185575,2025-11-01,1,41060086
185575,2025-07-01,1,5808842
185575,2025-03-01,1,149230868
185575,2025-10-01,5,"66855946,709783032,559854146,7577416,1710425"
185575,2025-09-01,4,"596972609,699192885,374204560,417822373"
185575,2025-08-01,4,"77088985,65944885,585058905,713729915"
185575,2025-04-01,3,"41698212,83541844,691495744"
462307,2025-11-01,1,25393199
462307,2025-05-01,1,44844851
462307,2025-06-01,1,5035746
462307,2025-04-01,1,274663270
462307,2025-02-01,1,169127930
81106,2025-03-01,1,33676872
81106,2025-04-01,1,300926243
477766,2025-07-01,1,53982458
477766,2025-08-01,1,10549659
477766,2025-06-01,1,299433075
477766,2025-04-01,2,"569865352,44896312"
5396,2025-07-01,3,"485555171,240132726,32255764"
5396,2025-03-01,2,"107199760,27802803"
5396,2025-06-01,6,"39791865,19317309,201265551,252070,14497442,687063110"
5396,2025-02-01,4,"124925577,672531850,25282067,77327014"
5396,2025-05-01,3,"91871242,677564414,453995119"
5396,2025-04-01,1,17637937
287674,2025-11-01,2,"57120747,283746042"
287674,2025-07-01,2,"167423240,491557460"
287674,2025-03-01,1,242590522
287674,2025-10-01,1,155423218
287674,2025-06-01,2,"45580419,12332129"
287674,2025-02-01,2,"99369758,24073428"
287674,2025-09-01,5,"31428972,57006329,326551131,107308424,63639196"
287674,2025-05-01,4,"22062063,119349884,370004759,49047383"
287674,2026-01-01,2,"31045555,65259648"
287674,2025-12-01,1,5875561
287674,2025-04-01,4,"670852871,6885531,37184282,6895891"
502895,2025-07-01,2,"115710689,71293917"
502895,2025-03-01,1,55586121
502895,2025-06-01,5,"15927570,33247407,3463515,6911914,21411512"
502895,2025-05-01,1,17201633
502895,2025-12-01,1,17785735
502895,2025-04-01,1,41063619
528769,2025-08-01,2,"594338725,71361459"
528769,2025-07-01,1,451507969
528769,2025-06-01,1,536931803
528769,2025-05-01,3,"49518504,160415189,684127965"
528769,2025-04-01,1,5105540
528769,2025-03-01,1,114118052
9952,2025-04-01,1,375606389
139074,2025-04-01,1,480459578
371299,2025-11-01,3,"504951870,691705009,180362052"
371299,2025-07-01,4,"59037766,694816929,245914089,687458024"
371299,2025-03-01,4,"256983395,24979212,330125117,212632391"
371299,2025-10-01,5,"4491417,23315519,29431075,440816681,354782764"
371299,2025-06-01,4,"155579305,110459464,23504798,94271508"
371299,2025-02-01,3,"179821823,657339012,246011322"
371299,2025-09-01,3,"389824946,474988911,52050460"
371299,2025-05-01,7,"474669514,14968428,27913202,432345780,304992495,438481737,338194187"
371299,2025-12-01,3,"10291992,2859873,18657040"
371299,2025-08-01,5,"3910507,1594243,706172478,115470097,136613136"
371299,2025-04-01,6,"667561529,120338539,338972223,164322157,254489523,394077469"
569654,2025-10-01,1,10608856
569654,2025-07-01,1,657063429
344230,2025-07-01,3,"250810648,573952450,5727622"
344230,2025-04-01,2,"165694315,425708857"
434981,2025-09-01,1,1885315
434981,2025-05-01,1,9214979
434981,2025-03-01,1,4524768
434981,2025-10-01,1,62693207
434981,2025-04-01,1,104926060
470361,2025-08-01,1,74388814
470361,2025-04-01,1,214470475
302194,2025-09-01,1,27267504
302194,2025-07-01,1,48536381
302194,2025-05-01,3,"44322118,410696496,33329026"
302194,2025-10-01,1,252184016
302194,2025-06-01,1,326503777
302194,2025-04-01,1,82222543
214046,2025-05-01,1,20783142
214046,2025-08-01,1,578593659
214046,2025-06-01,1,53360297
497821,2025-07-01,1,159708207
392431,2025-12-01,1,749574
392431,2025-08-01,1,2850540
392431,2025-07-01,2,"3415034,73183000"
564915,2025-05-01,1,499753872
564915,2025-08-01,1,494585315
509357,2025-09-01,1,146892
509357,2025-04-01,1,484315494
509357,2025-02-01,1,90429451
518650,2025-11-01,1,232736638
518650,2025-09-01,1,69109030
518650,2025-07-01,1,54526573
518650,2025-05-01,1,475194470
518650,2025-10-01,1,174718140
518650,2025-06-01,3,"477072798,517207332,52358931"
518650,2025-04-01,1,193192904
55348,2025-11-01,3,"18683774,422890776,11438912"
55348,2025-07-01,1,2384283
55348,2025-03-01,1,20382278
55348,2025-10-01,2,"72117394,6490852"
55348,2025-02-01,2,"260734241,27612068"
55348,2025-09-01,3,"23049907,74786846,111209349"
55348,2025-05-01,2,"219330366,169895085"
55348,2025-12-01,1,5283874
55348,2025-08-01,1,181687222
55348,2025-04-01,1,115569426
507108,2025-10-01,1,6404346
507108,2025-07-01,1,157269248
507108,2025-06-01,1,98657322
478380,2025-06-01,2,"677881691,69862553"
478380,2025-09-01,1,578875709
379527,2025-09-01,1,328428212
543233,2025-11-01,2,"526509323,9829"
543233,2025-05-01,1,32592125
543233,2025-02-01,1,5147711
59182,2025-07-01,1,271538427
513757,2025-11-01,1,20366839
513757,2025-03-01,1,505782073
513757,2025-08-01,1,195685404
214578,2025-07-01,1,242274635
214578,2025-03-01,2,"196107310,20552145"
214578,2025-06-01,1,69380894
214578,2025-05-01,3,"519432522,87065734,120605792"
214578,2025-04-01,1,589673184
108591,2025-10-01,1,336775747
108591,2025-07-01,1,687176183
108591,2025-05-01,1,114323174
108591,2025-04-01,1,247533646
187570,2025-08-01,3,"208339,336313204,436717"
187570,2025-04-01,1,21700451
462473,2025-05-01,1,70099321
462473,2025-03-01,1,49821471
462473,2025-04-01,2,"2575134,21061756"
462473,2025-02-01,1,377160745
489136,2025-06-01,4,"5674461,698972965,157455435,4235455"
489136,2025-04-01,3,"142687479,2977987,3422814"
539722,2025-07-01,2,"40335685,61341181"
539722,2025-10-01,1,26787890
539722,2025-06-01,1,11637875
539722,2025-09-01,1,71546249
459950,2025-11-01,1,16988590
459950,2025-07-01,1,36049624
459950,2025-04-01,1,48931
459950,2025-03-01,1,32301060
486138,2025-05-01,1,55216048
486138,2025-03-01,4,"118914889,6029067,125906784,37201871"
486138,2025-06-01,1,56493543
486138,2025-02-01,2,"82726350,17558206"
543878,2025-07-01,1,31280953
557051,2025-07-01,2,"5075656,71114822"
557051,2025-05-01,1,31073484
557051,2025-03-01,2,"13647903,6851516"
557051,2025-08-01,1,114710684
557051,2025-06-01,4,"12239454,24161652,373137592,17571275"
566511,2025-06-01,1,155818050
566511,2025-09-01,1,127316507
566511,2025-05-01,1,171343288
566511,2025-08-01,1,361171411
344390,2025-09-01,1,108670373
344390,2025-07-01,1,16084651
344390,2025-03-01,2,"19313393,8870851"
344390,2025-08-01,1,12860419
344390,2025-06-01,1,278131225
344390,2025-04-01,3,"29517607,273349194,117916398"
120494,2025-07-01,1,282089108
120494,2025-06-01,3,"214923888,20022166,6759903"
120494,2025-09-01,1,4985188
120494,2025-05-01,3,"337056923,40264125,245047025"
525668,2025-12-01,3,"39030323,120893567,358823314"
525668,2025-11-01,2,"114368712,169287583"
525668,2025-02-01,4,"35859925,52512009,666216267,163279212"
507193,2025-09-01,1,165727621
507193,2025-07-01,1,702533766
507193,2025-08-01,2,"57950095,35915278"
489497,2025-12-01,1,9840556
489497,2025-08-01,1,75536125
507255,2025-07-01,1,484868041
507255,2025-03-01,2,"243386224,87160043"
507255,2025-10-01,1,118136735
507255,2025-06-01,1,149324489
507255,2025-09-01,1,62456159
507255,2025-05-01,2,"7095564,210555441"
507255,2025-04-01,1,149168129
27967,2025-11-01,1,389285391
27967,2025-08-01,1,449555662
27967,2025-07-01,1,694303678
27967,2025-04-01,2,"47208891,1956065"
27967,2025-02-01,1,7958083
27967,2026-01-01,1,427298696
27967,2025-03-01,1,64633018
558304,2025-09-01,1,345310464
558304,2025-07-01,2,"212187486,1383955"
558304,2025-03-01,4,"36930854,436856917,390847955,26810076"
558304,2025-08-01,2,"33530854,27569603"
558304,2025-06-01,2,"5596786,149058"
539800,2026-01-01,1,68931006
539800,2025-09-01,1,305891869
539800,2025-07-01,1,71528908
539800,2025-05-01,2,"424648155,24974407"
539800,2025-03-01,3,"170932493,136230760,90882241"
539800,2025-08-01,1,184062827
539800,2025-06-01,3,"94896107,319860377,34017757"
557246,2025-09-01,1,158768277
557246,2025-07-01,2,"452520367,380006972"
557246,2025-05-01,1,141187905
557246,2025-10-01,1,676535722
557246,2025-06-01,1,693759486
557246,2025-04-01,1,133593156
48592,2025-11-01,2,"455798374,27251883"
48592,2025-03-01,1,9364537
115655,2025-07-01,2,"358713759,11851959"
115655,2025-06-01,1,541542481
171159,2025-11-01,1,348676883
171159,2025-07-01,1,228337263
171159,2025-06-01,1,149508930
171159,2026-01-01,1,718330486
171159,2025-09-01,1,267440298
171159,2025-05-01,1,345918170
171159,2025-04-01,1,21217975
342902,2025-07-01,1,294801839
342902,2025-09-01,1,53057687
342902,2026-01-01,1,13072883
342902,2025-10-01,1,38370845
342902,2025-04-01,1,683970538
406902,2025-07-01,1,435159834
406902,2025-03-01,1,521298687
406902,2025-10-01,1,247258594
406902,2025-06-01,3,"695447665,44841840,171442083"
406902,2025-09-01,3,"152943205,883057,467985644"
406902,2025-05-01,3,"682945840,5138893,344739220"
406902,2025-04-01,1,19048538
540206,2025-10-01,1,277868761
540206,2025-09-01,1,87403953
540206,2025-07-01,1,78799764
541521,2025-09-01,2,"405038823,112609372"
541521,2025-07-01,2,"512201307,69116751"
541521,2025-10-01,1,13066984
541521,2025-04-01,1,285222537
586510,2025-10-01,1,325788153
586510,2025-06-01,1,685414803
586510,2025-04-01,1,129622378
530942,2025-06-01,1,78344798
440509,2025-11-01,1,154799942
440509,2025-09-01,1,560794748
440509,2025-06-01,2,"280913216,404058513"
562643,2025-07-01,1,252308949
566888,2025-07-01,1,11192771
566888,2025-06-01,1,33633325
500580,2025-10-01,2,"177125027,67723023"
500580,2025-08-01,1,160204809
500580,2025-07-01,3,"700125002,17773459,133329337"
500580,2025-04-01,1,261031490
237949,2025-03-01,1,73316984
237949,2025-05-01,1,90036
237949,2025-04-01,2,"218656459,679166306"
237949,2025-06-01,1,477374480
7397,2025-11-01,1,268502762
7397,2025-07-01,2,"375346802,53352983"
7397,2025-03-01,1,73326574
7397,2025-06-01,2,"13868940,3746273"
7397,2025-02-01,2,"402448128,452077112"
7397,2026-01-01,1,134788149
7397,2025-09-01,1,104164444
7397,2025-05-01,2,"20717675,46460543"
7397,2025-12-01,3,"32059392,11643836,341829213"
7397,2025-08-01,2,"77380123,59511665"
7397,2025-04-01,1,68509466
130420,2025-07-01,1,322245438
130420,2025-05-01,1,456564000
130420,2025-06-01,2,"486671160,496756241"
266725,2025-05-01,1,46209748
579284,2025-10-01,2,"436608936,10112682"
579284,2025-12-01,1,128078673
522835,2025-05-01,1,11878576
522835,2025-04-01,1,1672791
522835,2025-03-01,1,61135652
86053,2025-07-01,3,"500060079,1346049,689607452"
86053,2025-10-01,2,"22839857,186149524"
86053,2025-06-01,5,"170990912,57799370,96856496,205304053,443841453"
86053,2025-05-01,3,"226596136,57281950,37802043"
86053,2025-04-01,2,"11371364,9382693"
107038,2025-04-01,2,"687533250,8239880"
107038,2025-06-01,1,242337532
21004,2025-07-01,2,"75080980,240255036"
21004,2025-08-01,1,711086652
21004,2025-06-01,2,"518707095,184344027"
21004,2025-04-01,1,446728165
306624,2025-07-01,4,"157823364,366119722,170935372,342635934"
306624,2025-03-01,1,1608150
306624,2025-10-01,1,88382479
306624,2025-06-01,3,"393022653,10730622,10097433"
306624,2025-09-01,1,64065843
306624,2025-05-01,1,103266680
306624,2025-04-01,1,46477488
406891,2025-11-01,3,"399555800,539183986,262457031"
406891,2025-07-01,3,"581633119,560799310,63712662"
406891,2025-03-01,2,"254637036,669676570"
406891,2025-10-01,1,442388822
406891,2025-06-01,4,"432320513,135987464,21886968,416209540"
406891,2025-02-01,2,"672695908,452542993"
406891,2025-05-01,2,"7032835,221233022"
406891,2025-12-01,1,580824146
406891,2025-08-01,1,14096253
406891,2025-04-01,1,33096824
45661,2025-05-01,1,550277599
45661,2025-03-01,1,45198105
45630,2025-06-01,1,654567509
45630,2025-04-01,1,311037919
45630,2025-03-01,1,255858777
80327,2025-05-01,1,66147818
80327,2025-03-01,2,"44929092,503570522"
80327,2025-06-01,1,27591488
80327,2025-04-01,3,"516758545,510219483,180538853"
221754,2025-07-01,3,"10480485,22832038,70553975"
221754,2025-03-01,2,"39060936,369258253"
221754,2025-10-01,2,"111114006,1685374"
221754,2025-06-01,1,162826507
221754,2025-02-01,3,"121952268,79115815,484006736"
221754,2025-09-01,1,4686483
221754,2025-05-01,2,"10332780,34571784"
221754,2025-08-01,1,13916958
221754,2025-04-01,2,"384635,91932091"
540366,2025-09-01,1,554612965
540366,2025-08-01,2,"347509583,556704318"
540366,2025-07-01,1,219204530
540366,2025-06-01,3,"151694511,547081501,251805882"
540366,2025-05-01,3,"145127068,470201601,480144229"
540366,2025-04-01,3,"427172699,176018897,684612507"
540366,2025-03-01,1,664894352
11265,2025-09-01,4,"186512373,332604882,89023421,52147941"
11265,2025-07-01,2,"48295570,86813507"
11265,2025-06-01,2,"9249306,143530788"
11265,2025-05-01,1,509237916
524067,2025-11-01,1,99
524067,2025-10-01,1,34093730
524067,2025-08-01,1,306569054
524067,2025-05-01,1,10501621
524067,2025-03-01,1,93125076
524067,2025-02-01,1,68009029
343862,2025-05-01,1,261005160
343862,2025-03-01,1,523928120
343862,2025-06-01,1,13764687
343862,2025-04-01,1,89925521
451629,2025-11-01,2,"16355739,9934350"
451629,2025-06-01,1,675172078
451629,2025-04-01,1,14081305
253877,2025-03-01,3,"129436222,172054636,60785498"
253877,2025-06-01,1,465806780
253877,2025-02-01,1,662729450
253877,2025-09-01,1,388557972
253877,2025-05-01,1,331140804
253877,2025-04-01,2,"46681388,159158026"
220063,2025-11-01,1,73653447
220063,2025-07-01,2,"135415579,214392150"
220063,2025-06-01,3,"156290019,694451883,158416698"
220063,2025-09-01,2,"142498158,16435504"
220063,2025-05-01,1,8617077
220063,2025-04-01,1,141667379
138548,2025-11-01,1,173063496
138548,2025-07-01,1,133426096
138548,2025-03-01,1,8894629
138548,2025-10-01,1,87306699
138548,2025-06-01,1,397677331
515970,2025-09-01,1,8886162
515970,2025-07-01,2,"3578655,2181086"
515970,2025-05-01,1,22456831
515970,2025-06-01,3,"330374314,1172804,237955"
515970,2025-04-01,1,61456736
556395,2025-12-01,2,"65331762,20531155"
556395,2025-11-01,1,95263929
556395,2025-10-01,2,"12064472,17791621"
556395,2025-09-01,2,"43528600,4090464"
556395,2025-08-01,1,34358173
556395,2025-07-01,3,"62178110,38512316,107563019"
556395,2025-06-01,3,"133763964,442379489,69818310"
556395,2025-04-01,2,"27910161,22110112"
556395,2025-03-01,2,"53333358,124992929"
556395,2025-05-01,3,"19567984,19196704,8896176"
567001,2025-07-01,1,139512638
567001,2025-03-01,1,670322127
139889,2025-07-01,2,"272314,265165399"
252525,2025-07-01,1,496195724
252525,2025-03-01,2,"26362458,81385061"
252525,2025-02-01,3,"666680251,82762788,584122084"
252525,2025-05-01,1,585142931
252525,2025-04-01,5,"684952313,13924816,19377942,83263258,97992896"
579977,2025-05-01,2,"70695173,43722451"
579977,2025-03-01,4,"422152347,465633383,80934226,35130514"
579977,2025-11-01,2,"479901000,65419401"
579977,2025-09-01,5,"26146355,9940989,970462,6843039,5165543"
579977,2026-01-01,1,91552640
579977,2025-12-01,2,"42692255,23340596"
579977,2025-10-01,4,"20184778,139656707,240449885,76105678"
579977,2025-08-01,1,699707083
579977,2025-06-01,1,54238071
579977,2025-04-01,1,12091165
328271,2025-12-01,1,54526892
328271,2025-10-01,1,17875200
328271,2025-08-01,1,177678803
328271,2025-07-01,1,61822247
474725,2025-10-01,1,31933673
474725,2025-08-01,2,"464977395,32098268"
461860,2025-07-01,1,173409635
461860,2025-03-01,1,557458679
461860,2025-10-01,1,248151101
461860,2025-08-01,2,"501432636,173534139"
461860,2025-04-01,1,476711160
479926,2025-09-01,1,138394223
479926,2025-07-01,3,"3104880,182124671,373025645"
479926,2025-03-01,3,"255309987,168178761,304331612"
479926,2025-10-01,1,140041415
479926,2025-08-01,1,65844913
479926,2025-06-01,1,377887229
479926,2025-04-01,2,"117504277,23597856"
479926,2025-02-01,1,658286303
114543,2025-08-01,1,450975257
114543,2025-06-01,4,"431889337,147974703,196925674,595354890"
489419,2025-07-01,1,319994307
489419,2025-03-01,1,444589745
489419,2025-06-01,1,2073786
489419,2025-02-01,1,10443513
489419,2025-05-01,1,16153627
489419,2025-08-01,1,60551230
489419,2025-04-01,3,"22119616,17881509,1981438"
469712,2025-09-01,1,2028538
469712,2025-05-01,1,35277733
469712,2025-06-01,1,169057936
469712,2025-04-01,1,265939406
474612,2025-09-01,1,2949965
474612,2025-07-01,3,"591301123,5019167,59196823"
474612,2025-10-01,1,33715877
582886,2025-12-01,1,420678728
582886,2025-11-01,1,131405800
582886,2025-10-01,1,599290281
582886,2025-08-01,1,466375398
582886,2025-07-01,1,10240786
582886,2025-06-01,1,55276395
582886,2025-05-01,1,266822549
582886,2025-03-01,1,263984829
518231,2025-12-01,1,124992446
518231,2025-11-01,2,"66625991,599230876"
518231,2025-10-01,1,243720774
518231,2025-07-01,1,25882618
518231,2025-05-01,3,"592623438,499954492,76426942"
518231,2025-04-01,1,223911685
518231,2025-03-01,3,"32518985,668544917,167415599"
452481,2025-07-01,2,"44877176,311575823"
452481,2025-05-01,1,139209847
452481,2025-10-01,2,"500646714,30947270"
452481,2025-06-01,2,"79690568,5962901"
452481,2025-02-01,1,84223691
11487,2025-12-01,1,43880674
11487,2025-08-01,1,29509642
11487,2025-06-01,1,29317968
11487,2025-05-01,1,174132259
80301,2025-08-01,1,37514747
444157,2025-03-01,1,127984889
444157,2025-06-01,1,696810280
444157,2025-05-01,1,38258648
444157,2025-10-01,1,22497277
444157,2025-08-01,1,699112778
444157,2025-12-01,1,327437222
444157,2026-01-01,1,530695990
476708,2025-11-01,1,2408454
476708,2025-07-01,3,"79806983,512697374,116789356"
476708,2025-08-01,2,"701832708,421893353"
547904,2025-11-01,5,"511069599,46246461,407427036,421827271,91510"
547904,2025-09-01,6,"145040591,703270340,330520181,212871336,509700882,59466495"
547904,2025-07-01,4,"450649131,703305828,359366707,11953095"
547904,2025-05-01,3,"94991782,200951157,299050523"
547904,2025-03-01,4,"231991548,5879267,338846755,184623849"
547904,2025-12-01,3,"357112719,371570560,396473200"
547904,2025-10-01,5,"55951687,120825263,14914865,82500130,716289157"
547904,2025-08-01,3,"426341285,267568829,468203709"
547904,2025-06-01,3,"56107654,14032093,178975101"
547904,2025-04-01,4,"104740252,187970174,96848906,340698051"
547904,2025-02-01,4,"361222961,14704007,167692840,172220863"
221745,2025-10-01,1,371780549
221745,2025-04-01,1,62964974
372879,2025-06-01,1,540602506
372879,2025-04-01,1,4053772
383284,2025-03-01,1,27014007
383284,2025-12-01,1,5922001
383284,2025-06-01,2,"482449943,48198252"
383284,2025-02-01,2,"85644750,670649719"
182744,2025-07-01,4,"217118569,153807032,13118995,25418184"
182744,2025-03-01,2,"282941785,18546318"
182744,2025-06-01,1,112708707
182744,2025-08-01,3,"1856942,18140704,101122905"
182744,2025-04-01,3,"88821826,109361039,14863950"
538767,2025-09-01,3,"67073601,570352176,514878549"
538767,2025-05-01,2,"337378568,8114563"
538767,2025-03-01,3,"60178706,8932037,17449164"
538767,2025-06-01,2,"196764661,18557013"
538767,2025-04-01,1,151609584
538767,2025-02-01,1,6101547
420805,2025-11-01,1,73040853
420805,2025-04-01,1,308564291
53353,2025-04-01,1,291801430
53353,2025-05-01,1,8140493
311573,2025-07-01,1,537898844
311573,2025-08-01,2,"12091230,12091230"
314903,2025-05-01,1,2197360
314903,2025-06-01,1,549272199
60868,2025-05-01,2,"5287734,169415402"
60868,2025-12-01,1,179204189
60868,2025-06-01,2,"23908491,390501588"
60868,2025-04-01,2,"546833318,351313397"
336904,2025-09-01,3,"112703962,409250162,717903281"
336904,2025-07-01,2,"185782119,26162694"
336904,2025-05-01,1,137365545
336904,2025-12-01,1,700569917
336904,2025-10-01,1,352466870
336904,2025-06-01,1,10186549
336904,2025-04-01,1,573102264
476468,2025-05-01,2,"51453314,5017228"
476468,2025-06-01,1,184020303
476468,2025-04-01,1,33041476
343648,2025-07-01,2,"487040121,283007209"
343648,2025-10-01,1,89289458
343648,2025-02-01,2,"221284423,276328040"
343648,2025-09-01,4,"659093348,427489727,75367055,500331039"
343648,2025-08-01,1,289778677
229501,2025-06-01,2,"207619055,202170807"
229501,2025-04-01,1,178180353
407717,2025-07-01,1,694830589
407717,2025-06-01,3,"454532896,399369056,193700630"
407717,2025-05-01,4,"82122538,350523053,420844984,82144286"
407717,2025-04-01,1,256180311
407717,2025-03-01,1,127989278
407717,2025-02-01,1,127989278
212853,2025-05-01,1,139822561
212853,2025-06-01,1,69352483
157524,2025-03-01,1,534001795
157524,2025-09-01,1,521381453
157524,2025-07-01,1,19034547
157524,2026-01-01,1,379465530
157524,2025-08-01,1,690979807
29386,2025-10-01,1,77079537
29386,2025-09-01,1,480688603
29386,2025-07-01,1,19580914
29386,2025-06-01,1,119279674
29386,2025-05-01,1,43123519
29386,2025-04-01,2,"89655580,105302303"
29386,2025-03-01,2,"222978555,100757520"
193632,2025-11-01,2,"473438117,31547805"
193632,2025-07-01,3,"42806461,454603974,310846051"
193632,2025-03-01,5,"48464177,416188909,172425591,6869541,114902822"
193632,2025-10-01,5,"93076253,188685298,456958880,20559022,89182271"
193632,2025-06-01,5,"346932031,100598589,465220972,18091479,104639503"
193632,2025-02-01,4,"393888768,86933220,91610897,665310403"
193632,2026-01-01,2,"44420157,562967074"
193632,2025-09-01,1,56044068
193632,2025-05-01,3,"219958146,674470782,29392853"
193632,2025-12-01,3,"117149913,175585106,3304514"
193632,2025-08-01,4,"120440879,350950259,155839264,17972014"
193632,2025-04-01,5,"481397068,653647594,89121605,81687849,404990344"
27288,2025-07-01,1,27136375
27288,2025-10-01,1,15946958
398860,2025-03-01,1,108795329
398860,2025-05-01,1,50789307
398860,2025-04-01,3,"38743300,17483802,180007769"
398860,2025-10-01,2,"683108978,6629117"
398860,2025-07-01,2,"12034656,49666610"
398860,2026-01-01,1,268898465
479634,2025-11-01,1,685262035
479634,2025-09-01,1,10033590
479634,2025-07-01,1,30283309
479634,2025-05-01,3,"101724491,6047182,677216954"
479634,2025-03-01,2,"11627806,596814578"
479634,2025-10-01,2,"116466877,594509896"
479634,2025-08-01,2,"9670235,77373338"
479634,2025-06-01,1,11163915
479634,2025-04-01,4,"123313105,255205586,669153943,679025080"
479634,2025-02-01,1,124569363
19029,2025-03-01,1,357402743
19029,2025-12-01,1,89053134
227846,2025-12-01,1,534097417
227846,2025-10-01,2,"521947821,108745320"
227846,2025-09-01,3,"82039908,715920474,715009984"
227846,2025-07-01,1,519961452
227846,2025-06-01,1,322790553
227846,2025-04-01,4,"255769295,138511559,267549681,500468092"
227846,2025-03-01,2,"37177499,402682558"
227846,2025-02-01,1,134355018
227846,2025-05-01,1,481218351
215638,2025-10-01,4,"48203852,83509633,477253690,384282307"
215638,2025-05-01,1,263215052
566668,2025-07-01,1,515199387
576992,2025-09-01,1,38206238
576992,2025-07-01,2,"21651242,131085931"
576992,2025-08-01,3,"80463871,211763296,83184805"
576992,2025-04-01,1,33363841
95915,2025-04-01,2,"70117365,16573995"
95915,2025-03-01,1,66068523
277077,2025-05-01,1,602746
192162,2025-11-01,1,525004259
192162,2025-07-01,2,"401376717,348905538"
192162,2025-03-01,1,321274361
192162,2025-10-01,3,"329962079,592966332,49461739"
192162,2025-06-01,5,"324183862,465692851,70415663,49656930,538308499"
192162,2025-09-01,3,"231733216,9376892,209460998"
192162,2025-05-01,7,"357417127,682661782,143862866,396375641,543548306,139527574,280340085"
192162,2026-01-01,5,"444362256,509575854,737695997,552103668,676454436"
192162,2025-12-01,6,"546256125,5617097,327604117,561032315,718103894,543903379"
192162,2025-08-01,4,"26437577,50431681,262798303,430070210"
192162,2025-04-01,2,"673438276,80969701"
11798,2025-06-01,1,694457729
11798,2025-10-01,1,242355724
423502,2025-07-01,1,134423582
423502,2025-05-01,2,"40998703,23619962"
423502,2025-03-01,1,63590206
313180,2025-11-01,4,"449849508,441672642,240934886,464774360"
313180,2025-07-01,3,"244831420,71835870,112960996"
313180,2025-03-01,4,"339653125,322219922,31666876,333726210"
313180,2025-10-01,2,"117730549,55948054"
313180,2025-06-01,2,"100427701,537608016"
313180,2025-02-01,1,599106053
313180,2025-09-01,1,342212490
313180,2025-05-01,3,"186782704,204194591,687021823"
313180,2025-12-01,2,"16863877,392744146"
313180,2025-08-01,3,"251587420,470422789,689062944"
313180,2025-04-01,1,100072253
538222,2025-06-01,2,"165832179,34876075"
538222,2025-04-01,1,23664748
458986,2025-11-01,3,"469952339,252897347,588038740"
458986,2025-10-01,1,37266698
458986,2025-05-01,2,"185592376,179666021"
458986,2026-01-01,1,295213194
458986,2025-12-01,4,"704451043,95900270,267621942,22775672"
522428,2025-07-01,1,178101961
522428,2025-09-01,2,"21378120,13901317"
225747,2025-05-01,2,"26319830,456622477"
225747,2025-03-01,1,497526857
225747,2025-10-01,1,26184234
225747,2025-04-01,2,"2506305,153895555"
582718,2025-05-01,2,"313024998,46379924"
105210,2025-07-01,1,6004048
105210,2025-03-01,2,"205360271,286928187"
105210,2025-10-01,4,"69309851,692120068,197155962,406038782"
105210,2025-09-01,2,"57064981,126664335"
105210,2025-05-01,3,"72613302,445362913,117755023"
105210,2025-12-01,2,"314173924,105281526"
105210,2025-04-01,1,10887689
533399,2025-06-01,1,6254658
533399,2025-04-01,1,696513
230036,2025-07-01,2,"181435605,429999208"
230036,2025-03-01,1,146497867
230036,2025-10-01,1,193900725
532504,2025-09-01,1,300696560
532504,2025-06-01,1,464619863
532504,2025-04-01,1,578478179
571447,2025-02-01,2,"134606954,107221076"
579530,2025-07-01,3,"6098755,503309347,304029249"
579530,2025-03-01,1,681072573
579530,2025-06-01,4,"357542678,22751226,185471675,138223382"
579530,2025-09-01,1,348339958
579530,2025-05-01,2,"15601497,293061373"
579530,2025-04-01,1,689614394
178188,2025-06-01,2,"5232621,155129484"
178188,2025-07-01,1,119179696
546396,2025-09-01,2,"7657736,494169722"
546396,2025-07-01,2,"141211201,659491403"
546396,2025-03-01,1,126527071
546396,2025-10-01,1,667090324
546396,2025-06-01,1,377257857
344366,2025-06-01,1,91979488
344366,2025-05-01,1,15684638
422107,2025-09-01,1,111702764
422107,2025-10-01,2,"28676267,67531687"
232293,2025-05-01,2,"41166479,694898637"
232293,2025-03-01,1,510051851
232293,2025-02-01,1,338183211
534650,2025-11-01,3,"16911945,242823645,84744817"
534650,2025-07-01,5,"34301124,180332998,30715783,243944432,491806464"
534650,2025-03-01,4,"364654433,383949267,265525377,391396936"
534650,2025-10-01,3,"124087946,369572309,55209893"
534650,2025-06-01,7,"126645211,575750455,8903000,579877306,450668719,246688898,77026178"
534650,2025-02-01,4,"143148814,465938039,6224904,64557896"
534650,2025-09-01,5,"716035117,714720701,184316256,11913554,460468180"
534650,2025-05-01,6,"250495236,479664835,563534632,683676541,540269581,387788583"
534650,2025-12-01,2,"429969845,715795777"
534650,2025-08-01,5,"274411974,6215396,30252455,8238094,112079420"
534650,2025-04-01,1,32451223
524896,2025-11-01,1,224058857
524896,2025-07-01,2,"118617832,531542001"
524896,2025-03-01,1,528750140
524896,2025-10-01,1,31738765
524896,2025-05-01,1,449582423
524896,2025-04-01,2,"209578149,682284360"
423770,2025-12-01,1,110471327
423770,2025-10-01,1,4963757
423770,2025-07-01,1,3107731
423770,2025-05-01,1,34575673
423770,2025-04-01,1,509992113
262557,2025-07-01,1,17838786
262557,2025-03-01,2,"149978841,44275745"
262557,2025-10-01,2,"222928661,482274648"
262557,2025-06-01,2,"239047758,153269982"
262557,2025-02-01,1,590122533
262557,2026-01-01,1,115615949
262557,2025-09-01,1,56471824
262557,2025-05-01,1,173873211
536347,2025-08-01,1,695332178
536347,2025-06-01,1,110971996
536347,2025-04-01,1,127755958
100858,2025-09-01,1,429799329
100858,2025-07-01,3,"5340457,74779838,494976560"
100858,2025-05-01,2,"80789785,160070341"
100858,2025-06-01,1,90131031
21167,2025-10-01,3,"188016924,22055200,13011197"
341124,2025-03-01,1,454357
